401127913,2019,1,Away,Packers,Aaron Rodgers,29.4,18,30,166,6.8,1,0,5,37,91.4,22,47,2.1,0,10,8,1,0,0,5,1,10,3,W,1-0
401127913,2019,1,Home,Bears,Mitchell Trubisky,18.5,26,45,208,5.1,0,1,5,20,62.1,15,46,3.1,0,8,9,0,0,0,5,0,3,10,L,0-1
401127928,2019,1,Away,Titans,Marcus Mariota,53.0,14,24,216,10.3,3,0,4,32,133.3,28,123,4.4,1,18,9,0,0,0,5,3,43,13,W,1-0
401127928,2019,1,Home,Browns,Baker Mayfield,27.2,25,38,244,7.5,1,3,5,41,64.0,20,102,5.1,1,15,9,0,0,0,4,0,13,43,L,0-1
401127954,2019,1,Away,Ravens,Lamar Jackson,99.4,23,26,378,14.6,6,0,1,1,158.3,46,265,5.8,2,60,8,0,0,1,3,2,59,10,W,1-0
401127954,2019,1,Home,Dolphins,Ryan Fitzpatrick,38.1,15,32,179,5.9,1,2,3,11,50.3,12,21,1.8,0,9,8,1,1,0,1,0,10,59,L,0-1
401127961,2019,1,Away,Falcons,Matt Ryan,45.3,33,46,272,6.6,2,2,4,32,85.8,17,73,4.3,0,16,9,1,1,0,1,0,12,28,L,0-1
401127961,2019,1,Home,Vikings,Kirk Cousins,76.3,8,10,97,9.8,1,0,1,1,140.8,38,172,4.5,3,23,5,2,0,1,4,2,28,12,W,1-0
401127963,2019,1,Away,Bills,Josh Allen,47.1,24,37,242,6.9,1,2,1,12,71.2,25,128,5.1,1,23,7,2,2,1,4,0,17,16,W,1-0
401127963,2019,1,Home,Jets,Sam Darnold,23.9,28,41,155,4.3,1,0,4,20,84.9,21,68,3.2,0,12,6,2,1,2,1,2,16,17,L,0-1
401127968,2019,1,Away,Redskins,Case Keenum,73.5,30,44,370,8.6,3,0,1,10,117.6,13,28,2.2,0,7,8,0,0,0,1,0,27,32,L,0-1
401127968,2019,1,Home,Eagles,Carson Wentz,93.2,28,39,313,8.0,3,0,1,0,121.0,31,123,4.0,1,19,8,0,0,0,1,0,32,27,W,1-0
401127923,2019,1,Away,Rams,Jared Goff,20.9,23,39,183,4.8,1,1,1,3,69.0,32,166,5.2,2,25,7,1,0,2,3,1,30,27,W,1-0
401127923,2019,1,Home,Panthers,Cam Newton,17.1,25,38,216,6.3,0,1,3,23,72.1,23,127,5.5,3,23,7,2,2,0,1,1,27,30,L,0-1
401127931,2019,1,Away,Chiefs,Patrick Mahomes,88.3,25,34,378,11.1,3,0,0,0,139.1,26,113,4.3,1,31,10,0,0,1,1,1,40,26,W,1-0
401127931,2019,1,Home,Jaguars,Gardner Minshew II,82.2,27,33,347,10.6,3,1,1,3,128.5,16,81,5.1,0,14,7,1,1,0,0,0,26,40,L,0-1
401127972,2019,1,Away,Colts,Jacoby Brissett,66.1,21,27,173,7.0,2,0,2,17,120.7,33,203,6.2,1,63,8,1,0,1,4,1,24,30,L,0-1
401127972,2019,1,Home,Chargers,Philip Rivers,58.4,25,34,310,9.8,3,1,4,23,121.3,21,125,6.0,1,24,9,2,1,0,2,0,30,24,W,1-0
401127995,2019,1,Away,Bengals,Andy Dalton,50.8,35,51,395,8.2,2,0,5,23,106.5,14,34,2.4,0,11,8,4,3,1,4,0,20,21,L,0-1
401127995,2019,1,Home,Seahawks,Russell Wilson,60.5,14,20,160,9.8,2,0,4,35,134.4,25,72,2.9,1,21,5,1,1,3,5,0,21,20,W,1-0
401128007,2019,1,Away,Giants,Eli Manning,22.4,33,48,319,6.7,1,0,1,4,94.4,17,151,8.9,1,59,7,3,2,0,0,0,17,35,L,0-1
401128007,2019,1,Home,Cowboys,Dak Prescott,97.4,25,32,405,12.7,4,0,0,0,158.3,30,89,3.0,1,10,8,0,0,2,1,0,35,17,W,1-0
401127999,2019,1,Away,Lions,Matthew Stafford,64.6,27,45,361,8.6,3,0,3,24,110.0,32,116,3.6,0,12,8,3,2,0,5,1,27,27,L,0-0-1
401127999,2019,1,Home,Cardinals,Kyler Murray,42.0,29,54,275,5.7,2,1,5,33,75.2,23,112,4.9,0,18,8,0,0,2,3,0,27,27,L,0-0-1
401128010,2019,1,Away,49ers,Jimmy Garoppolo,56.3,18,27,158,6.1,1,1,1,8,80.2,32,98,3.1,0,18,9,1,1,1,3,3,31,17,W,1-0
401128010,2019,1,Home,Buccaneers,Jameis Winston,8.6,20,36,174,5.4,1,3,3,20,45.4,26,121,4.7,0,16,9,3,1,1,1,1,17,31,L,0-1
401127860,2019,1,Away,Steelers,Ben Roethlisberger,17.6,27,47,276,5.9,0,1,1,0,65.6,13,32,2.5,0,7,9,2,0,0,1,0,3,33,L,0-1
401127860,2019,1,Home,Patriots,Tom Brady,90.0,25,37,366,10.1,3,0,1,7,127.4,29,99,3.4,0,11,7,0,0,0,1,1,33,3,W,1-0
401128021,2019,1,Away,Texans,Deshaun Watson,89.7,20,30,234,8.9,3,1,6,34,114.3,23,180,7.8,1,32,8,0,0,0,1,1,28,30,L,0-1
401128021,2019,1,Home,Saints,Drew Brees,78.2,32,43,362,8.6,2,1,1,8,105.8,21,148,7.0,1,30,8,1,0,0,6,1,30,28,W,1-0
401128025,2019,1,Away,Broncos,Joe Flacco,38.5,21,31,249,8.6,1,0,3,19,105.3,23,95,4.1,0,26,6,1,0,0,0,0,16,24,L,0-1
401128025,2019,1,Home,Raiders,Derek Carr,94.1,22,26,259,10.0,1,0,0,0,121.0,28,98,3.5,2,13,7,0,0,0,3,0,24,16,W,1-0
401128054,2019,2,Away,Buccaneers,Jameis Winston,54.9,16,25,189,8.3,1,0,3,19,103.4,31,100,3.2,1,16,6,1,0,1,3,0,20,14,W,1-1
401128054,2019,2,Home,Panthers,Cam Newton,27.5,25,51,313,6.5,0,0,3,20,70.1,19,39,2.1,0,10,6,3,1,0,3,0,14,20,L,0-2
401128066,2019,2,Away,49ers,Jimmy Garoppolo,69.5,18,26,312,12.0,3,1,0,0,132.2,42,259,6.2,2,34,8,0,0,0,4,1,41,17,W,2-0
401128066,2019,2,Home,Bengals,Andy Dalton,11.2,26,42,291,7.4,2,1,4,20,90.5,19,25,1.3,0,9,9,1,0,0,0,1,17,41,L,0-2
401128072,2019,2,Away,Chargers,Philip Rivers,64.9,21,36,287,8.1,0,1,1,6,73.0,25,137,5.5,1,40,8,1,1,0,0,2,10,13,L,1-1
401128072,2019,2,Home,Lions,Matthew Stafford,79.5,22,30,245,8.2,2,2,0,0,91.7,28,94,3.4,0,17,8,0,0,1,1,1,13,10,W,1-0-1
401128098,2019,2,Away,Vikings,Kirk Cousins,4.0,14,32,223,7.2,1,2,1,7,52.9,27,198,7.3,1,75,7,5,2,2,2,0,16,21,L,1-1
401128098,2019,2,Home,Packers,Aaron Rodgers,39.9,22,34,191,6.1,2,0,2,18,101.2,33,144,4.4,1,15,8,2,2,2,1,2,21,16,W,2-0
401128114,2019,2,Away,Colts,Jacoby Brissett,29.1,17,28,121,5.2,3,1,3,25,95.2,34,167,4.9,0,55,10,1,1,0,4,0,19,17,W,1-1
401128114,2019,2,Home,Titans,Marcus Mariota,37.1,19,28,119,5.5,1,0,4,35,93.5,24,124,5.2,1,18,9,2,0,1,3,1,17,19,L,1-1
401127862,2019,2,Away,Patriots,Tom Brady,83.6,20,28,255,9.4,2,0,2,9,124.7,35,124,3.5,2,12,7,1,1,0,7,4,43,0,W,2-0
401127862,2019,2,Home,Dolphins,Josh Rosen,4.8,18,39,142,4.8,0,4,7,44,20.8,15,42,2.8,0,9,10,0,0,1,2,0,0,43,L,0-2
401128106,2019,2,Away,Bills,Josh Allen,70.4,19,30,237,8.4,1,0,3,16,101.1,34,151,4.4,3,20,10,0,0,0,1,2,28,14,W,2-0
401128106,2019,2,Home,Giants,Eli Manning,37.6,26,45,241,5.6,1,2,1,9,62.3,20,129,6.5,1,27,9,1,0,0,3,0,14,28,L,0-2
401128110,2019,2,Away,Seahawks,Russell Wilson,70.8,29,35,274,8.6,3,0,4,26,130.9,33,151,4.6,1,37,8,2,2,0,1,1,28,26,W,2-0
401128110,2019,2,Home,Steelers,Mason Rudolph,56.0,20,34,180,5.5,2,1,1,7,81.4,16,81,5.1,1,23,10,1,0,2,4,0,26,28,L,0-2
401128115,2019,2,Away,Cowboys,Dak Prescott,94.6,26,30,261,9.0,3,1,1,8,123.5,34,213,6.3,1,42,8,0,0,0,1,0,31,21,W,2-0
401128115,2019,2,Home,Redskins,Case Keenum,62.9,26,37,208,6.0,2,0,1,13,103.5,17,47,2.8,1,10,9,0,0,0,1,1,21,31,L,0-2
401128061,2019,2,Away,Cardinals,Kyler Murray,58.3,25,40,329,8.7,0,0,3,20,90.5,11,20,1.8,1,7,9,1,0,0,2,0,17,23,L,0-1-1
401128061,2019,2,Home,Ravens,Lamar Jackson,89.9,24,37,258,7.4,2,0,2,14,104.8,33,182,5.5,0,19,9,2,0,0,3,0,23,17,W,2-0
401128101,2019,2,Away,Jaguars,Gardner Minshew II,28.6,23,33,178,6.5,1,0,4,35,97.2,21,103,4.9,0,21,6,3,1,0,4,0,12,13,L,0-2
401128101,2019,2,Home,Texans,Deshaun Watson,54.8,16,29,137,5.5,0,0,4,22,70.9,30,126,4.2,1,19,7,2,0,1,4,0,13,12,W,1-1
401128118,2019,2,Away,Chiefs,Patrick Mahomes,95.6,30,44,436,10.1,4,0,2,7,131.2,22,31,1.4,0,6,8,1,1,0,3,2,28,10,W,2-0
401128118,2019,2,Home,Raiders,Derek Carr,12.0,23,38,178,5.2,1,2,3,20,61.1,19,129,6.8,0,51,7,3,0,1,2,0,10,28,L,1-1
401128120,2019,2,Away,Bears,Mitchell Trubisky,29.9,16,27,120,4.4,0,0,0,0,70.0,29,153,5.3,1,46,8,0,0,0,2,1,16,14,W,1-1
401128120,2019,2,Home,Broncos,Joe Flacco,80.2,35,50,282,5.8,1,1,2,10,83.1,24,90,3.8,0,14,8,0,0,0,0,0,14,16,L,0-2
401128122,2019,2,Away,Saints,Teddy Bridgewater,10.8,20,35,187,5.8,0,1,2,16,62.0,20,57,2.9,0,12,8,1,0,1,3,0,9,27,L,1-1
401128122,2019,2,Home,Rams,Jared Goff,57.6,19,28,265,10.1,1,0,3,18,112.6,30,115,3.8,2,20,8,1,1,0,2,1,27,9,W,2-0
401128124,2019,2,Away,Eagles,Carson Wentz,45.1,28,48,237,5.3,1,2,3,18,62.4,21,49,2.3,1,5,7,1,1,0,1,3,20,24,L,1-1
401128124,2019,2,Home,Falcons,Matt Ryan,45.4,27,43,310,7.4,3,3,1,10,79.6,17,57,3.4,0,28,9,1,0,1,3,2,24,20,W,1-1
401128127,2019,2,Away,Browns,Baker Mayfield,55.0,19,35,305,9.3,1,1,3,20,83.6,21,70,3.3,1,19,9,0,0,1,4,0,23,3,W,1-1
401128127,2019,2,Home,Jets,Luke Falk,38.2,23,31,169,6.5,0,0,4,32,90.9,24,93,3.9,0,15,7,1,1,0,3,1,3,23,L,0-2
401127859,2019,3,Away,Titans,Marcus Mariota,28.1,23,40,249,7.6,0,0,9,55,81.7,26,91,3.5,1,12,9,3,1,0,0,0,7,20,L,1-2
401127859,2019,3,Home,Jaguars,Gardner Minshew II,55.7,20,30,204,6.8,2,0,0,0,108.2,20,88,4.4,0,69,6,0,0,1,9,0,20,7,W,1-2
401127915,2019,3,Away,Bengals,Andy Dalton,29.9,20,36,240,6.9,1,2,2,10,63.4,19,66,3.5,1,14,8,2,2,1,1,1,17,21,L,0-3
401127915,2019,3,Home,Bills,Josh Allen,35.1,23,36,241,6.8,1,1,1,2,81.1,36,175,4.9,1,22,10,3,1,2,2,2,21,17,W,3-0
401127921,2019,3,Away,Dolphins,Josh Rosen,42.9,20,41,211,5.6,0,0,3,18,66.0,24,72,3.0,0,8,9,3,1,0,1,1,6,31,L,0-3
401127921,2019,3,Home,Cowboys,Dak Prescott,83.9,19,32,241,7.7,2,1,1,5,91.4,34,235,6.9,2,28,8,0,0,1,3,0,31,6,W,3-0
401127925,2019,3,Away,Broncos,Joe Flacco,29.3,20,29,161,7.3,0,1,6,52,75.8,38,149,3.9,2,13,7,2,2,0,0,0,16,27,L,0-3
401127925,2019,3,Home,Packers,Aaron Rodgers,75.4,17,29,235,8.1,1,0,0,0,96.2,23,77,3.3,2,12,9,0,0,2,6,1,27,16,W,3-0
401127929,2019,3,Away,Falcons,Matt Ryan,93.3,29,34,304,8.9,3,1,0,0,121.1,20,93,4.7,0,28,8,0,0,0,1,0,24,27,L,1-2
401127929,2019,3,Home,Colts,Jacoby Brissett,86.1,28,37,300,8.4,2,0,1,10,118.1,24,79,3.3,1,26,9,0,0,0,0,1,27,24,W,2-1
401127953,2019,3,Away,Ravens,Lamar Jackson,52.8,22,43,249,6.2,0,0,3,18,70.6,32,203,6.3,4,21,10,0,0,0,1,0,28,33,L,2-1
401127953,2019,3,Home,Chiefs,Patrick Mahomes,85.3,27,37,363,10.1,3,0,1,11,132.0,25,140,5.6,1,41,8,3,0,0,3,0,33,28,W,3-0
401127956,2019,3,Away,Raiders,Derek Carr,18.5,27,34,214,7.1,2,1,4,28,103.7,20,88,4.4,0,18,7,1,0,0,0,0,14,34,L,1-2
401127956,2019,3,Home,Vikings,Kirk Cousins,87.3,15,21,174,8.3,1,0,0,0,112.0,38,211,5.6,3,25,7,1,0,0,4,1,34,14,W,2-1
401127861,2019,3,Away,Jets,Luke Falk,7.7,12,22,69,4.5,0,1,5,29,47.2,20,36,1.8,0,8,6,0,0,1,1,1,14,30,L,0-3
401127861,2019,3,Home,Patriots,Tom Brady,89.2,30,45,313,7.1,2,1,1,7,92.8,27,68,2.5,2,8,8,1,1,0,5,1,30,14,W,3-0
401127959,2019,3,Away,Lions,Matthew Stafford,58.1,18,32,201,6.3,1,0,0,0,85.5,28,86,3.1,1,44,9,0,0,2,3,0,27,24,W,2-0-1
401127959,2019,3,Home,Eagles,Carson Wentz,73.4,19,36,246,7.2,2,0,3,13,94.6,30,127,4.2,1,19,8,3,2,0,0,0,24,27,L,1-2
401127962,2019,3,Away,Panthers,Kyle Allen,90.4,19,26,240,10.0,4,0,2,21,144.4,31,173,5.6,1,76,7,2,1,0,8,2,38,20,W,1-2
401127962,2019,3,Home,Cardinals,Kyler Murray,57.5,30,43,127,4.0,2,2,8,46,73.1,22,121,5.5,0,20,9,0,0,1,2,0,20,38,L,0-2-1
401127966,2019,3,Away,Giants,Daniel Jones,87.9,23,36,312,9.3,2,0,5,24,112.7,19,72,3.8,2,19,7,3,2,0,4,1,32,31,W,1-2
401127966,2019,3,Home,Buccaneers,Jameis Winston,64.9,23,37,355,10.3,3,1,4,25,112.4,32,144,4.5,0,25,10,0,0,2,5,0,31,32,L,1-2
401127970,2019,3,Away,Texans,Deshaun Watson,81.3,25,34,337,10.3,3,0,2,14,135.8,19,39,2.1,1,15,6,2,1,1,5,0,27,20,W,2-1
401127970,2019,3,Home,Chargers,Philip Rivers,54.6,31,46,293,6.9,2,0,5,25,101.5,18,73,4.1,0,11,8,1,1,1,2,0,20,27,L,1-2
401127998,2019,3,Away,Steelers,Mason Rudolph,7.7,14,27,160,6.4,2,1,2,14,81.4,22,79,3.6,0,10,6,2,1,3,1,2,20,24,L,0-3
401127998,2019,3,Home,49ers,Jimmy Garoppolo,44.1,23,32,268,8.7,1,2,1,9,82.4,40,168,4.2,2,19,10,4,3,1,2,1,24,20,W,3-0
401127993,2019,3,Away,Saints,Teddy Bridgewater,61.9,19,27,177,6.6,2,0,0,0,112.7,23,88,3.8,1,16,6,1,1,1,0,0,33,27,W,2-1
401127993,2019,3,Home,Seahawks,Russell Wilson,89.4,32,50,406,8.1,2,0,0,0,102.6,26,108,4.2,2,22,9,1,1,1,0,0,27,33,L,2-1
401128125,2019,3,Away,Rams,Jared Goff,42.2,24,38,254,7.1,2,2,2,14,79.7,24,90,3.8,0,17,7,1,1,0,3,1,20,13,W,3-0
401128125,2019,3,Home,Browns,Baker Mayfield,28.9,18,36,175,5.4,1,1,3,20,64.0,24,95,4.0,0,13,6,1,0,1,2,2,13,20,L,1-2
401128003,2019,3,Away,Bears,Mitchell Trubisky,56.0,25,31,208,7.5,3,1,3,23,116.5,24,90,3.8,0,25,9,0,0,2,4,3,31,15,W,2-1
401128003,2019,3,Home,Redskins,Case Keenum,18.3,30,43,287,7.7,2,3,4,45,78.8,21,69,3.3,0,11,8,3,2,0,3,1,15,31,L,0-3
401127863,2019,4,Away,Eagles,Carson Wentz,74.8,16,27,160,5.9,3,0,0,0,113.2,33,176,5.3,2,30,6,0,0,1,1,1,34,27,W,2-2
401127863,2019,4,Home,Packers,Aaron Rodgers,73.0,34,53,414,8.0,2,1,1,8,93.4,20,77,3.9,1,14,9,1,1,0,0,0,27,34,L,3-1
401128016,2019,4,Away,Titans,Marcus Mariota,63.2,18,27,227,8.4,3,0,0,0,129.7,34,138,4.1,0,16,8,3,0,1,5,0,24,10,W,2-2
401128016,2019,4,Home,Falcons,Matt Ryan,42.1,35,53,364,7.5,0,0,5,33,88.3,17,58,3.4,1,12,7,1,1,0,0,0,10,24,L,1-3
401127866,2019,4,Away,Patriots,Tom Brady,10.3,18,39,150,3.8,0,1,0,0,45.9,23,74,3.2,1,15,5,1,0,0,5,4,16,10,W,4-0
401127866,2019,4,Home,Bills,Josh Allen,8.9,22,44,240,6.4,0,4,5,40,32.4,22,135,6.1,1,41,7,2,0,0,0,1,10,16,L,3-1
401128023,2019,4,Away,Chiefs,Patrick Mahomes,77.1,24,42,315,7.5,0,0,0,0,81.0,25,123,4.9,3,39,8,4,3,2,4,0,34,30,W,4-0
401128023,2019,4,Home,Lions,Matthew Stafford,73.2,21,34,261,8.6,3,0,4,30,118.6,35,186,5.3,0,26,10,2,2,3,0,0,30,34,L,2-1-1
401128030,2019,4,Away,Raiders,Derek Carr,49.2,21,31,189,6.1,2,0,1,0,105.4,32,188,5.9,1,60,8,1,1,1,0,1,31,24,W,2-2
401128030,2019,4,Home,Colts,Jacoby Brissett,46.3,24,46,265,5.8,3,1,0,0,82.2,23,81,3.5,0,18,8,2,1,1,1,0,24,31,L,2-2
401128055,2019,4,Away,Chargers,Philip Rivers,73.9,25,31,311,10.2,2,0,1,6,130.8,33,79,2.4,1,9,9,1,0,0,5,1,30,10,W,2-2
401128055,2019,4,Home,Dolphins,Josh Rosen,56.6,17,24,161,7.5,1,1,5,19,88.9,18,72,4.0,0,11,8,3,0,0,1,0,10,30,L,0-4
401128059,2019,4,Away,Redskins,Dwayne Haskins,26.1,15,28,121,5.1,0,4,3,23,28.6,17,55,3.2,0,14,8,0,0,2,0,2,3,24,L,0-4
401128059,2019,4,Home,Giants,Daniel Jones,73.3,23,31,225,7.3,1,2,0,0,78.0,37,164,4.4,1,23,6,4,2,0,3,4,24,3,W,2-2
401128018,2019,4,Away,Browns,Baker Mayfield,60.6,20,31,337,11.0,1,1,1,5,99.1,29,193,6.7,4,88,7,0,0,1,4,2,40,25,W,2-2
401128018,2019,4,Home,Ravens,Lamar Jackson,60.6,24,34,222,7.3,3,2,4,25,96.1,29,173,6.0,0,29,11,2,1,0,1,1,25,40,L,2-2
401128026,2019,4,Away,Panthers,Kyle Allen,43.9,24,34,203,6.8,0,0,3,29,89.3,28,94,3.4,1,13,6,3,3,1,6,1,16,10,W,2-2
401128026,2019,4,Home,Texans,Deshaun Watson,16.4,21,34,128,4.7,0,1,6,32,60.9,22,136,6.2,1,40,8,1,1,3,3,0,10,16,L,2-2
401128069,2019,4,Away,Buccaneers,Jameis Winston,84.6,28,41,376,9.4,4,1,2,9,120.5,30,88,2.9,2,24,11,0,0,1,2,3,55,40,W,2-2
401128069,2019,4,Home,Rams,Jared Goff,40.7,45,68,490,7.6,2,3,2,27,80.3,11,28,2.5,2,13,8,1,1,0,2,1,40,55,L,3-1
401128064,2019,4,Away,Seahawks,Russell Wilson,66.4,22,28,225,8.6,1,0,4,15,114.3,27,115,4.3,1,12,7,3,0,0,4,1,27,10,W,3-1
401128064,2019,4,Home,Cardinals,Kyler Murray,30.2,22,32,206,7.5,0,1,4,35,77.7,23,115,5.0,1,15,7,0,0,0,4,0,10,27,L,0-3-1
401128093,2019,4,Away,Vikings,Kirk Cousins,16.9,27,36,182,6.5,0,0,6,51,91.5,16,40,2.5,1,9,9,3,2,0,1,0,6,16,L,2-2
401128093,2019,4,Home,Bears,Chase Daniel,79.9,24,33,197,6.2,1,0,1,7,98.5,33,72,2.2,0,7,9,0,0,2,6,0,16,6,W,3-1
401128097,2019,4,Away,Jaguars,Gardner Minshew II,41.1,19,33,186,6.5,2,0,5,27,97.2,38,269,7.1,0,81,9,1,0,0,0,1,26,24,W,2-2
401128097,2019,4,Home,Broncos,Joe Flacco,72.6,22,38,303,8.0,3,1,0,0,98.9,16,68,4.3,0,28,7,1,0,0,5,0,24,26,L,0-4
401128102,2019,4,Away,Cowboys,Dak Prescott,76.8,22,33,212,6.8,0,1,1,11,73.2,20,45,2.3,1,7,7,2,2,0,5,1,10,12,L,3-1
401128102,2019,4,Home,Saints,Teddy Bridgewater,17.8,23,30,149,6.4,0,1,5,44,78.9,27,117,4.3,0,18,8,0,0,2,1,1,12,10,W,3-1
401128109,2019,4,Away,Bengals,Andy Dalton,6.5,21,37,102,4.6,0,1,8,69,57.4,19,73,3.8,0,15,8,2,1,1,0,0,3,27,L,0-4
401128109,2019,4,Home,Steelers,Mason Rudolph,87.4,27,31,260,8.4,2,0,0,0,123.1,25,66,2.6,1,21,7,1,1,1,8,1,27,3,W,1-3
401127927,2019,5,Away,Rams,Jared Goff,62.2,29,49,395,8.1,1,1,0,0,83.3,18,82,4.6,2,27,7,1,1,1,1,0,29,30,L,3-2
401127927,2019,5,Home,Seahawks,Russell Wilson,93.0,17,23,262,11.7,4,0,1,6,151.8,43,167,3.9,0,14,8,1,1,1,0,1,30,29,W,4-1
401127958,2019,5,Away,Cardinals,Kyler Murray,81.8,20,32,248,7.9,0,0,1,5,87.1,38,266,7.0,2,37,8,0,0,0,1,0,26,23,W,1-3-1
401127958,2019,5,Home,Bengals,Andy Dalton,60.7,27,38,262,6.9,2,0,1,0,107.6,23,108,4.7,0,18,9,1,0,0,1,0,23,26,L,0-5
401128014,2019,5,Away,Bills,Josh Allen,23.3,23,32,204,6.8,2,1,4,15,98.3,27,109,4.0,0,19,9,0,0,0,5,0,14,7,W,4-1
401128014,2019,5,Home,Titans,Marcus Mariota,13.9,13,22,150,8.3,0,0,5,33,86.0,27,102,3.8,1,24,7,1,0,0,4,1,7,14,L,2-3
401128001,2019,5,Neutral,Bears,Chase Daniel,49.0,22,30,194,7.7,2,2,4,37,89.7,17,42,2.5,1,6,7,0,0,2,0,0,21,24,L,3-2
401128001,2019,5,Neutral,Raiders,Derek Carr,63.7,25,32,229,7.2,0,0,0,0,96.5,39,169,4.3,3,21,9,2,2,0,4,2,24,21,W,3-2
401127965,2019,5,Away,Buccaneers,Jameis Winston,16.6,15,27,158,7.6,2,0,6,46,104.6,22,94,4.3,1,18,9,1,0,0,0,1,24,31,L,2-3
401127965,2019,5,Home,Saints,Teddy Bridgewater,83.2,28,36,345,9.6,4,1,0,0,132.1,31,112,3.6,0,16,6,1,0,0,6,0,31,24,W,4-1
401127971,2019,5,Away,Vikings,Kirk Cousins,69.1,22,27,279,11.3,2,0,3,27,138.6,34,211,6.2,0,41,6,3,1,0,4,1,28,10,W,3-2
401127971,2019,5,Home,Giants,Daniel Jones,33.9,21,38,147,4.8,1,1,4,35,65.9,20,64,3.2,0,11,8,0,0,1,3,0,10,28,L,2-3
401128006,2019,5,Away,Jets,Luke Falk,1.8,15,26,61,4.6,0,2,10,59,37.3,19,67,3.5,1,19,5,2,1,1,1,0,6,31,L,0-4
401128006,2019,5,Home,Eagles,Carson Wentz,59.3,17,29,181,6.5,1,0,1,8,89.6,29,84,2.9,1,15,6,3,1,1,10,2,31,6,W,3-2
401128011,2019,5,Away,Ravens,Lamar Jackson,20.0,19,28,139,5.8,1,3,5,22,54.9,40,138,3.5,1,14,8,1,0,1,1,1,26,23,W,3-2
401128011,2019,5,Home,Steelers,Mason Rudolph,55.1,21,31,192,6.5,1,1,1,11,83.1,19,77,4.1,1,21,7,2,1,0,5,3,23,26,L,1-4
401127864,2019,5,Away,Patriots,Tom Brady,55.3,28,43,312,8.1,3,1,4,36,103.6,27,130,4.8,1,25,9,0,0,1,6,1,33,7,W,5-0
401127864,2019,5,Home,Redskins,Colt McCoy,9.8,18,27,78,4.5,0,1,6,44,61.0,20,145,7.3,1,65,7,3,1,0,4,1,7,33,L,0-5
401127932,2019,5,Away,Jaguars,Gardner Minshew II,48.8,26,44,358,8.5,2,0,2,16,101.9,31,149,4.8,1,48,8,3,3,0,3,0,27,34,L,2-3
401127932,2019,5,Home,Panthers,Kyle Allen,33.2,17,31,160,5.8,1,0,3,21,82.9,27,285,10.6,3,84,6,1,0,3,2,0,34,27,W,3-2
401127960,2019,5,Away,Falcons,Matt Ryan,66.4,32,46,316,7.2,3,1,2,14,102.6,20,57,2.9,1,21,8,1,0,1,0,0,32,53,L,1-4
401127960,2019,5,Home,Texans,Deshaun Watson,98.2,28,33,426,12.9,5,0,0,0,158.3,34,166,4.9,1,30,7,5,1,0,2,1,53,32,W,3-2
401128019,2019,5,Away,Broncos,Joe Flacco,41.8,14,20,159,9.1,1,1,3,23,94.2,32,191,6.0,1,32,7,3,1,0,0,2,20,13,W,1-4
401128019,2019,5,Home,Chargers,Philip Rivers,32.0,32,48,211,4.4,0,2,0,0,58.6,16,35,2.2,0,7,8,1,1,1,3,1,13,20,L,2-3
401128029,2019,5,Away,Packers,Aaron Rodgers,48.6,22,34,215,7.0,0,0,2,23,85.2,29,120,4.1,4,18,9,0,0,0,3,3,34,24,W,4-1
401128029,2019,5,Home,Cowboys,Dak Prescott,24.5,27,44,441,10.5,2,3,3,22,83.8,21,122,5.8,1,14,6,1,0,0,2,0,24,34,L,3-2
401128053,2019,5,Away,Colts,Jacoby Brissett,32.4,18,29,151,5.2,0,1,0,0,61.1,45,180,4.0,1,30,9,0,0,1,4,0,19,13,W,3-2
401128053,2019,5,Home,Chiefs,Patrick Mahomes,58.0,22,39,288,8.2,1,0,4,33,91.9,14,36,2.6,0,14,7,1,1,0,0,1,13,19,L,4-1
401128062,2019,5,Away,Browns,Baker Mayfield,1.4,9,24,78,5.0,0,2,4,42,19.4,18,102,5.7,0,37,8,3,2,0,2,0,3,31,L,2-3
401128062,2019,5,Home,49ers,Jimmy Garoppolo,52.7,20,29,171,6.2,2,0,2,10,108.5,40,275,6.9,2,83,8,1,0,2,4,2,31,3,W,4-0
401127917,2019,6,Away,Giants,Daniel Jones,9.2,15,31,161,5.2,1,3,1,0,35.2,16,52,3.3,0,10,6,1,1,1,3,1,14,35,L,2-4
401127917,2019,6,Home,Patriots,Tom Brady,43.8,31,41,313,8.1,0,1,3,21,88.9,34,114,3.4,3,26,8,2,1,1,1,3,35,14,W,6-0
401128096,2019,6,Neutral,Panthers,Kyle Allen,52.9,20,32,209,7.1,2,0,2,18,104.6,29,59,2.0,2,13,5,1,1,2,7,5,37,26,W,4-2
401128096,2019,6,Neutral,Buccaneers,Jameis Winston,6.4,30,54,365,7.4,1,5,7,35,46.8,14,42,3.0,2,5,7,4,2,1,2,0,26,37,L,2-4
401128111,2019,6,Away,Seahawks,Russell Wilson,85.7,23,33,284,8.9,2,0,3,11,117.6,38,170,4.5,2,25,10,2,1,1,0,3,32,28,W,5-1
401128111,2019,6,Home,Browns,Baker Mayfield,72.3,22,37,249,6.7,1,3,0,0,54.9,24,157,6.5,3,52,7,1,1,1,3,0,28,32,L,2-4
401128119,2019,6,Away,Texans,Deshaun Watson,88.1,30,42,280,6.7,1,2,0,0,77.5,41,192,4.7,3,26,7,1,1,1,1,1,31,24,W,4-2
401128119,2019,6,Home,Chiefs,Patrick Mahomes,61.8,19,35,256,7.8,3,1,1,17,96.5,11,53,4.8,0,17,10,1,1,1,0,2,24,31,L,4-2
401128121,2019,6,Away,Redskins,Case Keenum,42.9,13,25,166,6.6,2,0,0,0,99.8,33,145,4.4,0,25,7,1,0,0,5,2,17,16,W,1-5
401128121,2019,6,Home,Dolphins,Ryan Fitzpatrick,71.3,27,43,187,5.0,1,2,5,30,63.8,21,84,4.0,1,14,9,2,0,0,0,0,16,17,L,0-5
401128123,2019,6,Away,Eagles,Carson Wentz,71.4,26,41,292,7.5,2,2,2,14,82.0,22,108,4.9,0,16,6,1,1,1,1,1,20,38,L,3-3
401128123,2019,6,Home,Vikings,Kirk Cousins,93.9,22,29,325,11.5,4,1,1,8,138.4,35,122,3.5,1,35,7,1,1,1,2,2,38,20,W,4-2
401128116,2019,6,Away,Saints,Teddy Bridgewater,40.8,24,36,222,6.7,1,0,3,18,94.7,26,104,4.0,0,19,6,1,0,0,2,1,13,6,W,5-1
401128116,2019,6,Home,Jaguars,Gardner Minshew II,16.2,14,29,151,5.6,0,1,2,12,51.4,24,75,3.1,0,16,6,0,0,0,3,0,6,13,L,2-4
401128105,2019,6,Away,Bengals,Andy Dalton,60.2,21,39,217,6.0,0,1,2,18,61.4,14,33,2.4,1,17,9,0,0,1,1,0,17,23,L,0-6
401128105,2019,6,Home,Ravens,Lamar Jackson,86.3,21,33,228,7.2,0,0,1,8,84.9,43,269,6.3,2,36,9,1,1,0,2,1,23,17,W,4-2
401128128,2019,6,Away,49ers,Jimmy Garoppolo,59.4,24,33,232,7.4,0,1,2,11,80.7,41,99,2.4,2,9,8,1,1,1,4,0,20,7,W,5-0
401128128,2019,6,Home,Rams,Jared Goff,0.7,13,24,48,3.3,0,0,4,30,60.8,22,109,5.0,1,22,7,2,1,1,2,1,7,20,L,3-3
401128126,2019,6,Away,Falcons,Matt Ryan,80.0,30,36,341,9.9,4,0,2,15,144.9,25,103,4.1,0,15,9,1,0,0,0,0,33,34,L,1-5
401128126,2019,6,Home,Cardinals,Kyler Murray,90.3,27,37,340,9.2,3,0,0,0,128.2,29,102,3.5,1,17,9,0,0,0,2,0,34,33,W,2-3-1
401128129,2019,6,Away,Titans,Ryan Tannehill,7.9,20,34,165,6.1,0,3,7,42,39.7,21,39,1.9,0,6,10,1,0,0,1,1,0,16,L,2-4
401128129,2019,6,Home,Broncos,Joe Flacco,40.4,18,28,167,6.3,0,1,1,10,67.1,30,103,3.4,1,30,8,2,0,0,7,3,16,0,W,2-4
401128130,2019,6,Away,Cowboys,Dak Prescott,73.5,28,40,270,7.0,0,0,1,8,89.4,34,129,3.8,2,13,8,0,0,0,2,1,22,24,L,3-3
401128130,2019,6,Home,Jets,Sam Darnold,67.9,23,32,326,10.6,2,1,2,12,113.8,20,56,2.8,1,13,8,0,0,0,1,0,24,22,W,1-4
401128131,2019,6,Away,Steelers,Devlin Hodges,62.8,15,20,132,6.6,1,1,0,0,87.9,36,124,3.4,1,20,9,1,0,1,1,2,24,17,W,2-4
401128131,2019,6,Home,Chargers,Philip Rivers,14.9,26,44,316,7.3,2,2,1,4,77.8,14,32,2.3,0,11,9,1,1,0,0,1,17,24,L,2-4
401128132,2019,6,Away,Lions,Matthew Stafford,37.7,18,32,243,8.3,0,0,3,22,83.5,20,56,2.8,1,10,10,1,0,2,1,1,22,23,L,2-2-1
401128132,2019,6,Home,Packers,Aaron Rodgers,41.9,24,39,277,7.3,2,1,1,6,90.0,29,170,5.9,0,45,9,2,2,0,3,0,23,22,W,5-1
401127902,2019,7,Away,Chiefs,Matt Moore,36.0,20,30,191,6.4,2,0,1,2,106.7,27,80,3.0,0,22,8,1,0,1,9,0,30,6,W,5-2
401127902,2019,7,Home,Broncos,Joe Flacco,8.3,21,34,134,6.3,0,0,9,79,79.7,21,71,3.4,1,14,9,3,1,0,1,0,6,30,L,2-5
401127940,2019,7,Away,Rams,Jared Goff,63.4,23,38,291,7.7,2,0,0,0,102.0,36,90,2.5,1,10,10,0,0,2,5,1,37,10,W,4-3
401127940,2019,7,Home,Falcons,Matt Ryan,12.3,22,33,186,6.8,1,1,5,38,83.4,15,38,2.5,0,9,10,4,2,0,0,0,10,37,L,1-6
401127942,2019,7,Away,Dolphins,Ryan Fitzpatrick,69.1,23,35,272,8.1,1,1,1,10,88.0,30,109,3.6,2,19,9,3,1,0,2,0,21,31,L,0-6
401127942,2019,7,Home,Bills,Josh Allen,50.5,16,26,188,7.8,2,0,2,14,111.4,23,117,5.1,0,15,9,0,0,1,1,1,31,21,W,5-1
401127945,2019,7,Away,Jaguars,Gardner Minshew II,33.6,15,32,244,8.0,1,0,2,11,84.8,44,216,4.9,0,20,7,1,0,1,2,3,27,17,W,3-4
401127945,2019,7,Home,Bengals,Andy Dalton,36.6,22,43,258,6.4,1,3,2,18,50.1,20,33,1.7,1,17,7,1,1,0,2,0,17,27,L,0-7
401127947,2019,7,Away,Vikings,Kirk Cousins,92.3,24,34,338,9.9,4,0,0,0,141.5,37,166,4.5,2,23,7,2,0,0,2,1,42,30,W,5-2
401127947,2019,7,Home,Lions,Matthew Stafford,88.8,30,45,352,8.1,4,1,2,12,111.7,20,81,4.1,0,14,9,0,0,0,0,0,30,42,L,2-3-1
401127949,2019,7,Away,Raiders,Derek Carr,78.6,24,31,329,10.6,3,1,0,0,129.6,31,155,5.0,0,42,10,1,1,0,1,0,24,42,L,3-3
401127949,2019,7,Home,Packers,Aaron Rodgers,97.2,25,31,421,13.8,5,0,1,8,158.3,23,60,2.6,1,15,8,0,0,0,0,1,42,24,W,6-1
401127951,2019,7,Away,Texans,Deshaun Watson,46.2,23,34,291,9.1,1,2,3,17,81.5,24,100,4.2,1,19,8,0,0,1,1,0,23,30,L,4-3
401127951,2019,7,Home,Colts,Jacoby Brissett,74.8,26,40,321,8.2,4,0,1,5,123.5,26,62,2.4,0,9,8,1,1,0,3,2,30,23,W,4-2
401127974,2019,7,Away,Cardinals,Kyler Murray,62.2,14,21,89,5.0,0,0,2,15,78.3,38,156,4.1,3,22,9,0,0,2,8,1,27,21,W,3-3-1
401127974,2019,7,Home,Giants,Daniel Jones,46.6,22,35,156,6.4,1,1,8,67,78.6,22,107,4.9,1,20,7,3,2,0,2,0,21,27,L,2-5
401127977,2019,7,Away,49ers,Jimmy Garoppolo,83.4,12,21,146,7.2,0,1,2,5,59.8,39,137,3.5,0,11,9,1,0,1,3,0,9,0,W,6-0
401127977,2019,7,Home,Redskins,Case Keenum,25.9,9,12,50,6.4,0,0,3,27,91.3,26,104,4.0,0,17,6,1,1,0,2,1,0,9,L,1-6
401127979,2019,7,Away,Chargers,Philip Rivers,78.5,24,38,326,8.7,2,0,1,3,108.3,21,39,1.9,0,6,6,2,1,0,2,1,20,23,L,2-5
401127979,2019,7,Home,Titans,Ryan Tannehill,55.2,24,30,306,10.8,2,1,2,17,119.9,29,97,3.3,1,12,9,2,0,1,1,0,23,20,W,3-4
401127982,2019,7,Away,Saints,Teddy Bridgewater,67.8,23,38,273,7.4,2,0,1,8,100.9,35,151,4.3,2,23,10,0,0,2,2,0,36,25,W,6-1
401127982,2019,7,Home,Bears,Mitchell Trubisky,33.5,34,54,235,4.6,2,0,2,16,86.3,7,17,2.4,0,9,9,2,2,0,1,0,25,36,L,3-3
401127985,2019,7,Away,Ravens,Lamar Jackson,75.0,9,20,141,7.2,0,0,1,2,69.4,35,199,5.7,1,30,8,2,0,1,1,1,30,16,W,5-2
401127985,2019,7,Home,Seahawks,Russell Wilson,65.3,20,41,241,5.9,1,1,1,0,65.2,26,106,4.1,0,17,8,1,1,0,1,0,16,30,L,5-2
401127987,2019,7,Away,Eagles,Carson Wentz,29.3,16,26,168,7.3,1,1,3,23,80.8,28,115,4.1,0,16,8,4,3,0,3,1,10,37,L,3-4
401127987,2019,7,Home,Cowboys,Dak Prescott,65.1,21,27,213,8.9,1,1,3,26,100.5,36,189,5.3,3,20,7,1,0,3,3,1,37,10,W,4-3
401127894,2019,7,Away,Patriots,Tom Brady,79.1,31,45,249,5.5,1,1,0,0,80.7,34,74,2.2,3,13,9,0,0,2,1,4,33,0,W,7-0
401127894,2019,7,Home,Jets,Sam Darnold,0.7,11,32,73,2.7,0,4,1,13,3.6,20,81,4.1,0,19,8,3,2,0,0,1,0,33,L,1-5
401127905,2019,8,Away,Redskins,Case Keenum,68.6,15,21,131,7.8,0,1,4,32,74.1,16,85,5.3,0,29,8,2,1,1,3,0,9,19,L,1-7
401127905,2019,8,Home,Vikings,Kirk Cousins,60.4,23,26,273,11.0,0,0,3,12,112.3,38,161,4.2,1,28,7,1,1,1,4,1,19,9,W,6-2
401128035,2019,8,Away,Seahawks,Russell Wilson,82.1,14,20,171,9.1,2,0,2,11,131.7,33,151,4.6,1,19,7,0,0,2,2,1,27,20,W,6-2
401128035,2019,8,Home,Falcons,Matt Schaub,78.0,39,52,441,8.8,1,1,2,19,99.8,17,69,4.1,1,23,8,2,2,0,2,0,20,27,L,1-7
401128037,2019,8,Away,Eagles,Carson Wentz,89.4,17,24,153,7.2,1,0,3,19,104.9,41,218,5.3,3,65,6,2,1,1,4,0,31,13,W,4-4
401128037,2019,8,Home,Bills,Josh Allen,22.4,16,34,155,5.0,2,0,4,14,81.6,20,98,4.9,0,16,9,3,1,1,3,0,13,31,L,5-2
401128039,2019,8,Away,Chargers,Philip Rivers,31.8,19,29,195,6.9,1,1,1,6,82.7,12,36,3.0,1,19,6,0,0,1,4,1,17,16,W,3-5
401128039,2019,8,Home,Bears,Mitchell Trubisky,54.3,23,35,226,7.2,0,1,4,27,75.1,38,162,4.3,1,55,9,1,1,0,1,1,16,17,L,3-4
401128042,2019,8,Away,Giants,Daniel Jones,62.4,28,41,290,7.9,4,0,3,32,124.2,24,80,3.3,0,13,8,2,1,1,4,1,26,31,L,2-6
401128042,2019,8,Home,Lions,Matthew Stafford,93.2,25,32,316,10.7,3,1,4,26,129.4,25,59,2.4,0,14,8,1,1,1,3,0,31,26,W,3-3-1
401128048,2019,8,Away,Buccaneers,Jameis Winston,63.0,21,43,283,7.0,2,2,3,18,68.1,30,106,3.5,0,20,9,3,2,1,3,0,23,27,L,2-5
401128048,2019,8,Home,Titans,Ryan Tannehill,61.5,21,33,174,5.8,3,0,3,19,109.8,21,72,3.4,0,34,9,2,1,2,3,2,27,23,W,4-4
401128051,2019,8,Away,Broncos,Joe Flacco,52.7,20,32,166,5.4,0,0,3,8,76.8,28,113,4.0,1,11,9,1,0,1,4,0,13,15,L,2-6
401128051,2019,8,Home,Colts,Jacoby Brissett,42.5,15,25,191,8.1,0,0,4,11,85.8,31,127,4.1,1,16,8,2,1,0,3,0,15,13,W,5-2
401127912,2019,8,Neutral,Bengals,Andy Dalton,36.1,32,52,297,6.3,1,0,5,32,86.1,22,104,4.7,0,25,9,0,0,0,0,0,10,24,L,0-8
401127912,2019,8,Neutral,Rams,Jared Goff,90.4,17,31,372,12.0,2,0,0,0,119.3,26,98,3.8,1,20,9,0,0,0,5,0,24,10,W,5-3
401128046,2019,8,Away,Cardinals,Kyler Murray,44.4,19,34,197,6.5,0,0,4,23,75.6,11,40,3.6,0,19,9,1,0,0,0,1,9,31,L,3-4-1
401128046,2019,8,Home,Saints,Drew Brees,70.4,34,43,373,8.7,3,1,0,0,116.4,29,137,4.7,1,31,9,0,0,0,4,0,31,9,W,7-1
401128045,2019,8,Away,Jets,Sam Darnold,14.9,21,30,167,7.3,2,3,8,51,73.3,14,46,3.3,0,13,6,1,0,1,2,0,15,29,L,1-6
401128045,2019,8,Home,Jaguars,Gardner Minshew II,85.6,22,34,278,8.2,3,0,2,1,119.6,34,111,3.3,0,66,8,3,1,0,8,3,29,15,W,4-4
401128050,2019,8,Away,Panthers,Kyle Allen,4.7,19,37,100,4.3,0,3,7,58,28.9,19,130,6.8,1,40,9,1,0,0,3,1,13,51,L,4-3
401128050,2019,8,Home,49ers,Jimmy Garoppolo,62.6,18,22,156,8.0,2,1,3,19,111.2,38,232,6.1,5,48,7,0,0,0,7,3,51,13,W,7-0
401127895,2019,8,Away,Browns,Baker Mayfield,15.9,20,31,151,6.3,1,1,5,43,79.2,22,159,7.2,0,44,7,3,2,0,3,0,13,27,L,2-5
401127895,2019,8,Home,Patriots,Tom Brady,69.1,20,36,239,7.2,2,0,3,20,96.9,27,79,2.9,0,16,8,0,0,2,5,1,27,13,W,8-0
401128043,2019,8,Away,Raiders,Derek Carr,63.7,18,30,285,9.5,3,0,0,0,125.0,23,93,4.0,0,23,9,0,0,0,3,0,24,27,L,3-4
401128043,2019,8,Home,Texans,Deshaun Watson,75.3,27,39,258,7.2,3,0,3,21,115.2,32,130,4.1,0,20,7,1,0,0,0,0,27,24,W,5-3
401128073,2019,8,Away,Packers,Aaron Rodgers,73.4,23,33,256,9.2,3,0,5,49,129.0,26,118,4.5,1,15,8,0,0,1,2,0,31,24,W,7-1
401128073,2019,8,Home,Chiefs,Matt Moore,57.7,24,36,249,7.4,2,0,2,18,107.1,20,88,4.4,1,9,8,1,1,0,5,0,24,31,L,5-3
401128074,2019,8,Away,Dolphins,Ryan Fitzpatrick,28.9,21,34,170,5.6,2,2,4,20,71.9,19,60,3.2,0,9,10,3,2,0,2,1,14,27,L,0-7
401128074,2019,8,Home,Steelers,Mason Rudolph,34.1,20,36,236,7.0,2,1,2,15,84.4,29,158,5.4,1,25,8,1,0,2,4,2,27,14,W,3-4
401127908,2019,9,Away,49ers,Jimmy Garoppolo,95.3,28,37,310,8.6,4,0,1,7,136.9,31,101,3.3,0,31,9,0,0,0,3,0,28,25,W,8-0
401127908,2019,9,Home,Cardinals,Kyler Murray,34.9,17,24,204,10.0,2,0,3,37,130.7,23,153,6.7,1,36,8,0,0,0,1,0,25,28,L,3-5-1
401127936,2019,9,Neutral,Texans,Deshaun Watson,86.0,22,28,194,7.2,2,0,1,7,120.4,34,216,6.4,1,58,7,1,1,2,4,2,26,3,W,6-3
401127936,2019,9,Neutral,Jaguars,Gardner Minshew II,38.2,27,47,282,6.6,0,2,4,27,59.6,15,74,4.9,0,11,9,3,2,1,1,0,3,26,L,4-5
401128076,2019,9,Away,Redskins,Dwayne Haskins,31.9,15,22,116,6.5,0,0,4,28,86.2,23,127,5.5,0,28,8,1,0,0,2,0,9,24,L,1-8
401128076,2019,9,Home,Bills,Josh Allen,72.8,14,20,146,8.0,1,0,2,14,110.4,39,122,3.1,2,17,7,2,0,0,4,0,24,9,W,6-2
401128079,2019,9,Away,Vikings,Kirk Cousins,56.3,19,38,212,5.8,3,0,1,8,94.2,27,96,3.6,0,12,10,1,0,1,5,0,23,26,L,6-3
401128079,2019,9,Home,Chiefs,Matt Moore,58.0,25,35,230,7.9,1,0,5,45,103.9,18,147,8.2,1,91,7,3,1,0,1,0,26,23,W,6-3
401128080,2019,9,Away,Jets,Sam Darnold,50.1,27,39,238,6.7,1,1,3,22,85.4,21,83,4.0,0,14,6,1,0,0,4,0,18,26,L,1-7
401128080,2019,9,Home,Dolphins,Ryan Fitzpatrick,80.0,24,36,266,8.0,3,0,4,22,118.7,24,50,2.1,0,14,8,0,0,0,3,1,26,18,W,1-7
401128082,2019,9,Away,Bears,Mitchell Trubisky,18.2,10,21,102,6.0,0,0,3,23,66.6,18,62,3.4,2,17,8,1,1,0,4,0,14,22,L,3-5
401128082,2019,9,Home,Eagles,Carson Wentz,57.6,26,39,227,6.1,1,0,4,12,91.7,35,146,4.2,1,17,8,1,0,1,3,0,22,14,W,5-4
401128083,2019,9,Away,Colts,Brian Hoyer,40.2,21,31,189,7.3,3,1,5,38,107.9,29,139,4.8,0,24,9,4,2,1,1,1,24,26,L,5-3
401128083,2019,9,Home,Steelers,Mason Rudolph,26.3,26,35,183,5.5,1,1,1,8,84.3,25,90,3.6,0,45,8,2,1,2,5,1,26,24,W,4-4
401128078,2019,9,Away,Titans,Ryan Tannehill,56.4,27,39,310,8.5,1,2,4,21,82.3,21,121,5.8,2,25,9,1,1,0,3,1,20,30,L,4-5
401128078,2019,9,Home,Panthers,Kyle Allen,48.0,17,32,214,7.3,2,1,3,18,84.4,33,156,4.7,2,58,6,0,0,1,4,2,30,20,W,5-3
401128085,2019,9,Away,Lions,Matthew Stafford,65.3,26,41,383,9.9,3,1,2,23,110.4,19,90,4.7,0,13,9,1,1,0,1,0,24,31,L,3-4-1
401128085,2019,9,Home,Raiders,Derek Carr,95.8,20,31,279,9.3,2,0,1,10,116.2,36,171,4.8,2,27,9,3,0,1,2,1,31,24,W,4-4
401128087,2019,9,Away,Buccaneers,Jameis Winston,79.0,29,44,319,7.6,2,0,2,16,103.9,26,99,3.8,2,15,9,1,1,1,3,0,34,40,L,2-6
401128087,2019,9,Home,Seahawks,Russell Wilson,89.7,29,43,347,8.8,5,0,3,31,133.7,22,145,6.6,0,59,7,2,1,1,2,0,40,34,W,7-2
401128088,2019,9,Away,Browns,Baker Mayfield,39.9,27,42,261,6.5,1,0,2,12,90.7,29,90,3.1,0,16,10,0,0,1,3,0,19,24,L,2-6
401128088,2019,9,Home,Broncos,Brandon Allen,41.1,12,20,175,9.7,2,0,3,18,125.6,20,127,6.4,1,40,6,1,1,0,2,0,24,19,W,3-6
401128090,2019,9,Away,Packers,Aaron Rodgers,14.0,23,35,139,4.6,1,0,3,22,85.5,11,45,4.1,0,7,8,0,0,0,2,0,11,26,L,7-2
401128090,2019,9,Home,Chargers,Philip Rivers,58.3,21,28,283,10.5,0,0,2,11,108.3,38,159,4.2,2,16,6,0,0,0,3,0,26,11,W,4-5
401127899,2019,9,Away,Patriots,Tom Brady,53.9,30,46,268,6.2,1,1,2,17,80.4,17,74,4.4,1,10,7,2,1,2,1,0,20,37,L,8-1
401127899,2019,9,Home,Ravens,Lamar Jackson,77.8,17,23,162,7.1,1,0,1,1,107.7,41,210,5.1,3,53,10,2,2,1,2,1,37,20,W,6-2
401128091,2019,9,Away,Cowboys,Dak Prescott,81.0,22,35,257,7.3,3,1,0,0,101.7,30,172,5.7,0,19,6,2,1,2,5,1,37,18,W,5-3
401128091,2019,9,Home,Giants,Daniel Jones,27.0,26,41,171,5.1,1,1,5,39,74.2,22,100,4.5,0,16,8,2,2,1,0,1,18,37,L,2-7
401127907,2019,10,Away,Chargers,Philip Rivers,29.6,17,31,169,6.7,2,3,5,38,57.5,30,146,4.9,1,24,9,1,0,0,3,0,24,26,L,4-6
401127907,2019,10,Home,Raiders,Derek Carr,46.7,21,31,200,7.0,1,0,3,18,98.6,21,78,3.7,1,18,8,0,0,0,5,3,26,24,W,5-4
401127911,2019,10,Away,Lions,Jeff Driskel,40.2,27,46,259,5.8,1,1,2,10,73.6,27,98,3.6,0,11,11,0,0,0,5,0,13,20,L,3-5-1
401127911,2019,10,Home,Bears,Mitchell Trubisky,64.7,16,23,145,7.5,3,0,5,28,131.0,24,81,3.4,0,9,6,1,0,0,2,1,20,13,W,4-5
401127934,2019,10,Away,Ravens,Lamar Jackson,99.8,18,22,243,11.0,3,1,1,0,133.3,23,136,5.9,2,47,5,0,0,2,2,1,49,13,W,7-2
401127934,2019,10,Home,Bengals,Ryan Finley,20.1,16,30,150,5.6,1,1,2,17,66.9,40,157,3.9,0,16,8,3,2,0,1,1,13,49,L,0-9
401127939,2019,10,Away,Bills,Josh Allen,43.1,22,41,260,6.5,0,0,1,6,73.8,20,84,4.2,2,12,9,1,0,0,2,0,16,19,L,6-3
401127939,2019,10,Home,Browns,Baker Mayfield,68.3,26,38,221,6.3,2,0,2,17,102.7,26,147,5.7,0,24,6,1,0,0,1,0,19,16,W,3-6
401127981,2019,10,Away,Chiefs,Patrick Mahomes,81.2,36,51,433,8.7,3,0,2,13,117.0,25,97,3.9,0,15,9,2,1,1,4,0,32,35,L,6-4
401127981,2019,10,Home,Titans,Ryan Tannehill,57.5,13,19,146,9.5,2,0,4,35,133.9,26,225,8.7,2,68,7,1,1,1,2,0,35,32,W,5-5
401127948,2019,10,Away,Falcons,Matt Ryan,73.5,20,35,174,5.2,2,1,1,8,78.5,34,143,4.2,0,19,7,0,0,0,6,0,26,9,W,2-7
401127948,2019,10,Home,Saints,Drew Brees,24.4,33,46,258,6.6,0,0,6,46,89.4,11,52,4.7,0,11,8,0,0,0,1,1,9,26,L,7-2
401127952,2019,10,Away,Giants,Daniel Jones,72.0,26,40,258,7.7,4,0,6,50,121.7,17,23,1.4,0,11,8,4,2,0,2,0,27,34,L,2-8
401127952,2019,10,Home,Jets,Sam Darnold,86.5,19,30,218,7.7,1,0,2,12,97.9,29,76,2.6,2,24,8,0,0,2,6,0,34,27,W,2-7
401127976,2019,10,Away,Cardinals,Kyler Murray,69.8,28,45,342,7.8,3,1,2,8,99.3,18,75,4.2,0,32,10,1,1,1,4,2,27,30,L,3-6-1
401127976,2019,10,Home,Buccaneers,Jameis Winston,44.3,30,48,339,7.5,1,2,4,19,74.8,26,118,4.5,2,26,9,2,1,1,2,1,30,27,W,3-6
401127986,2019,10,Away,Dolphins,Ryan Fitzpatrick,76.9,21,33,159,5.1,0,1,3,10,63.8,26,70,2.7,1,11,9,1,1,0,1,3,16,12,W,2-7
401127986,2019,10,Home,Colts,Brian Hoyer,4.4,18,39,191,5.2,1,3,1,13,38.8,29,109,3.8,0,20,8,1,0,1,3,1,12,16,L,5-4
401127944,2019,10,Away,Panthers,Kyle Allen,36.5,28,43,281,7.1,1,1,3,26,84.2,23,120,5.2,1,18,5,2,1,0,2,0,16,24,L,5-4
401127944,2019,10,Home,Packers,Aaron Rodgers,40.3,17,29,225,8.0,0,0,2,8,84.4,27,163,6.0,3,28,8,0,0,1,3,1,24,16,W,8-2
401127989,2019,10,Away,Rams,Jared Goff,13.4,22,42,218,5.8,0,3,4,25,40.1,23,88,3.8,0,22,8,4,1,2,3,0,12,17,L,5-4
401127989,2019,10,Home,Steelers,Mason Rudolph,54.7,22,38,231,6.4,1,0,3,11,85.6,27,42,1.6,0,8,7,4,2,1,4,3,17,12,W,5-4
401128041,2019,10,Away,Vikings,Kirk Cousins,67.8,23,32,211,6.9,2,0,1,9,111.5,36,153,4.3,1,23,8,0,0,0,1,1,28,24,W,7-3
401128041,2019,10,Home,Cowboys,Dak Prescott,87.5,28,47,393,8.4,3,1,1,4,99.3,22,50,2.3,0,7,6,0,0,0,1,0,24,28,L,5-4
401127992,2019,10,Away,Seahawks,Russell Wilson,41.1,24,34,189,6.8,1,1,5,43,86.9,34,147,4.3,1,18,7,5,3,2,5,1,27,24,W,8-2
401127992,2019,10,Home,49ers,Jimmy Garoppolo,18.9,24,46,215,5.4,1,1,5,33,66.2,27,87,3.2,0,22,10,2,2,3,5,1,24,27,L,8-1
401128044,2019,11,Away,Steelers,Mason Rudolph,10.8,23,44,178,5.0,1,4,4,43,36.3,16,58,3.6,0,13,10,1,0,0,1,0,7,21,L,5-5
401128044,2019,11,Home,Browns,Baker Mayfield,66.9,17,32,189,6.0,2,0,1,4,92.3,35,104,3.0,1,12,7,0,0,0,4,4,21,7,W,4-6
401128052,2019,11,Away,Cowboys,Dak Prescott,82.2,29,46,434,9.7,3,0,1,10,116.6,24,75,3.1,1,9,8,1,1,0,3,0,35,27,W,6-4
401128052,2019,11,Home,Lions,Jeff Driskel,61.8,15,26,191,8.0,2,0,3,18,109.3,28,121,4.3,2,23,8,0,0,1,1,0,27,35,L,3-6-1
401128075,2019,11,Away,Jaguars,Nick Foles,24.1,33,47,279,6.3,2,1,2,17,92.2,9,29,3.2,0,10,8,0,0,1,3,1,13,33,L,4-6
401128075,2019,11,Home,Colts,Jacoby Brissett,51.7,15,24,125,6.2,1,1,3,23,76.4,36,264,7.3,3,48,6,2,1,0,2,1,33,13,W,6-4
401128077,2019,11,Away,Bills,Josh Allen,92.2,21,33,256,7.8,3,0,0,0,117.7,34,168,4.9,1,36,7,2,0,1,7,0,37,20,W,7-3
401128077,2019,11,Home,Dolphins,Ryan Fitzpatrick,26.9,32,45,280,7.2,0,0,7,43,91.3,13,23,1.8,2,7,8,1,1,0,0,0,20,37,L,2-8
401128081,2019,11,Away,Broncos,Brandon Allen,62.6,18,40,270,7.0,1,1,2,8,66.5,33,124,3.8,1,11,8,0,0,2,5,0,23,27,L,3-7
401128081,2019,11,Home,Vikings,Kirk Cousins,78.0,29,35,284,9.1,3,0,5,35,133.2,18,37,2.1,1,6,9,4,2,0,2,1,27,23,W,8-3
401128084,2019,11,Away,Saints,Drew Brees,88.4,28,35,219,6.5,3,0,1,9,122.4,28,109,3.9,0,14,9,1,0,0,2,4,34,17,W,8-2
401128084,2019,11,Home,Buccaneers,Jameis Winston,57.6,30,51,298,6.1,2,4,2,15,57.1,8,36,4.5,0,23,10,1,0,0,1,0,17,34,L,3-7
401128086,2019,11,Away,Jets,Sam Darnold,67.4,19,31,285,9.5,4,1,2,8,118.7,33,115,3.5,1,17,9,2,1,0,6,1,34,17,W,3-7
401128086,2019,11,Home,Redskins,Dwayne Haskins,12.1,19,35,171,6.1,2,1,6,43,79.9,20,54,2.7,0,9,10,3,0,1,2,1,17,34,L,1-9
401128049,2019,11,Away,Falcons,Matt Ryan,87.6,22,32,295,9.8,1,0,3,19,110.7,26,54,2.1,1,11,8,3,0,0,5,4,29,3,W,3-7
401128049,2019,11,Home,Panthers,Kyle Allen,7.3,31,50,270,6.5,0,4,5,55,47.5,15,77,5.1,0,18,7,0,0,0,3,0,3,29,L,5-5
401128047,2019,11,Away,Texans,Deshaun Watson,9.0,18,30,110,5.6,0,1,7,59,61.7,20,122,6.1,1,41,7,1,1,0,0,0,7,41,L,6-4
401128047,2019,11,Home,Ravens,Lamar Jackson,93.1,20,27,235,8.7,4,0,0,0,139.7,37,256,6.9,1,63,10,1,0,1,7,1,41,7,W,8-2
401128089,2019,11,Away,Cardinals,Kyler Murray,84.1,24,33,131,4.5,2,0,4,19,101.8,25,135,5.4,1,22,8,2,2,0,2,2,26,36,L,3-7-1
401128089,2019,11,Home,49ers,Jimmy Garoppolo,71.8,34,45,408,9.4,4,2,2,16,115.4,19,34,1.8,0,7,10,0,0,2,4,0,36,26,W,9-1
401128092,2019,11,Away,Bengals,Ryan Finley,24.5,13,31,73,3.7,0,1,5,42,39.0,22,173,7.9,1,30,8,1,1,1,3,1,10,17,L,0-10
401128092,2019,11,Home,Raiders,Derek Carr,75.4,25,29,273,10.1,1,1,3,19,105.7,34,113,3.3,1,21,8,1,1,1,5,1,17,10,W,6-4
401127897,2019,11,Away,Patriots,Tom Brady,32.5,27,48,224,4.8,1,0,1,7,76.0,22,74,3.4,0,12,10,0,0,1,5,0,17,10,W,9-1
401127897,2019,11,Home,Eagles,Carson Wentz,38.2,20,40,174,5.4,1,0,5,40,74.4,21,81,3.9,0,12,7,3,1,0,1,0,10,17,L,5-5
401128133,2019,11,Away,Bears,Mitchell Trubisky,38.0,25,47,193,4.2,1,1,3,6,62.3,24,74,3.1,0,12,7,0,0,1,0,1,7,17,L,4-6
401128133,2019,11,Home,Rams,Jared Goff,32.3,11,18,173,9.6,0,1,0,0,69.9,34,110,3.2,2,13,5,3,1,0,3,1,17,7,W,6-4
401128134,2019,11,Neutral,Chiefs,Patrick Mahomes,69.6,19,32,180,5.7,1,1,1,2,72.7,27,130,4.8,2,24,10,1,0,0,2,4,24,17,W,7-4
401128134,2019,11,Neutral,Chargers,Philip Rivers,22.8,28,52,345,6.8,1,4,2,8,49.6,19,93,4.9,0,21,9,3,0,0,1,1,17,24,L,4-7
